<?xml version="1.0" encoding="UTF-8"?>
<!DOCTYPE hibernate-configuration PUBLIC
       "-//Hibernate/Hibernate Configuration DTD 3.0//EN"
       "http://www.hibernate.org/dtd/hibernate-configuration-3.0.dtd">
<hibernate-configuration>
	<session-factory>
		<!-- Database connection settings -->
		<property name="connection.driver_class">com.mysql.jdbc.Driver</property>
		<property name="connection.url">jdbc:mysql://localhost/springcrud</property>
		<property name="connection.username">root</property>
		<property name="connection.password">root</property>
		<!-- SQL dialect -->
		<property name="dialect">org.hibernate.dialect.MySQLDialect</property>
  		<!-- //displays the vendor db queries -->
  		<property name="show_sql">true</property>
       <property name="hbm2ddl.auto">create</property>
    	<!--<mapping class="com.cts.buyerms.Model.Category"/>
    	<mapping class="com.cts.buyerms.Model.SubCategory"/>
    	  <mapping class="com.cts.buyerms.Model.Buyer"/>
    	<mapping class="com.cts.buyerms.Model.ShoppingCart"/>
    	<mapping class="com.cts.buyerms.Model.Discounts"/>-->
    	<mapping class="com.cts.buyerms.Model.Transactions"/>
    	<mapping class="com.cts.buyerms.Model.Items"/>
    	<mapping class="com.cts.buyerms.Model.PurchaseHistory"/>
    	

	</session-factory>
</hibernate-configuration>